sample,popnum,popname
ML3721,1,mt1
ML3722,1,mt1
ML3723,2,mt3
ML3724,1,mt1
ML3725,2,mt3
ML3726,2,mt3
ML3727,2,mt3
ML3728,1,mt1
ML3729,2,mt3
ML3730,2,mt3
ML3731,2,mt3
ML3732,2,mt3
ML3733,1,mt1
ML3734,1,mt1
ML3735,1,mt1
ML3736,3,mt0
ML3737,1,mt1
ML3738,1,mt1
ML3739,2,mt3
ML3740,1,mt1
ML3741,2,mt3
ML3742,1,mt1
ML3743,2,mt3
ML3744,1,mt1
ML3745,1,mt1
ML3746,1,mt1
ML3747,1,mt1
ML3748,1,mt1
ML3749,2,mt3
ML3750,3,mt0
ML3751,1,mt1
ML3752,1,mt1
ML3753,1,mt1
ML3754,1,mt1
ML3755,1,mt1
ML3758,1,mt1
ML3759,1,mt1
ML3760,2,mt3
ML3761,2,mt3
ML3762,2,mt3
ML3763,2,mt3
ML3764,1,mt1
ML3765,2,mt3
ML3766,2,mt3
ML3767,1,mt1
ML3768,2,mt3
ML3769,1,mt1
ML3770,2,mt3
ML3771,1,mt1
ML3772,2,mt3
ML3773,1,mt1
ML3774,1,mt1
ML3775,2,mt3
ML3776,1,mt1
ML3777,1,mt1
ML3778,2,mt3
ML3779,2,mt3
ML3780,1,mt1
ML3781,2,mt3
ML3782,1,mt1
ML3783,1,mt1
ML3784,2,mt3
ML3785,2,mt3
ML3786,1,mt1
ML3788,2,mt3
ML3789,1,mt1
ML3790,2,mt3
ML3791,2,mt3
ML3792,2,mt3
ML3793,1,mt1
ML3794,1,mt1
ML3795,1,mt1
ML3796,2,mt3
ML3797,2,mt3
ML3798,1,mt1
ML3799,1,mt1
ML3800,2,mt3
ML3801,2,mt3
ML3802,2,mt3
ML3803,1,mt1
ML3804,1,mt1
ML3805,1,mt1
ML3806,1,mt1
ML3807,2,mt3
ML3808,1,mt1
ML3809,1,mt1
ML3810,1,mt1
ML3811,1,mt1
ML3812,1,mt1
ML3813,2,mt3
ML3814,2,mt3
ML3815,2,mt3
ML3816,1,mt1
ML3819,1,mt1
ML3820,1,mt1
ML3821,1,mt1
ML3822,2,mt3
ML3823,2,mt3
ML3824,1,mt1
ML3825,1,mt1
ML3826,1,mt1
ML3827,1,mt1
ML3828,2,mt3
ML3829,1,mt1
ML3830,1,mt1
ML3831,2,mt3
ML3832,1,mt1
ML3833,1,mt1
ML3834,1,mt1
ML3835,1,mt1
ML3836,1,mt1
ML3837,3,mt0
ML3838,1,mt1
ML3839,1,mt1
ML3840,1,mt1
ML3841,2,mt3
ML3842,1,mt1
ML3843,2,mt3
ML3844,2,mt3
ML3845,1,mt1
ML3846,2,mt3
ML3848,2,mt3
ML3849,2,mt3
ML3850,2,mt3
ML3851,2,mt3
ML3852,1,mt1
ML3853,2,mt3
ML3854,2,mt3
ML3855,1,mt1
ML3856,2,mt3
ML3857,2,mt3
ML3858,2,mt3
ML3859,1,mt1
ML3860,2,mt3
ML3861,2,mt3
ML3862,2,mt3
ML3863,1,mt1
